<!-- Unless otherwise specified, values/attributes are free-form strings -->
    <!-- type is currently either BSP or SourceOnly -->
<sourcePackage type="BSP" id="bsp-virt">
    <title>QEMU-virt</title>
    <release>latest</release>
    <maturity>Development Build</maturity>
    <license>QDL and Apache II</license>
    <startup>startup-virt</startup> 
    <description>This package contains the source and build files for targeting QNX/Neutrino on the OMAP3530 BeagleBoard.</description>
    <vendor>QNX Software Systems</vendor>
    <qnxTargetVersion>trunk</qnxTargetVersion>
    <qnxTargetCPU variant="armle.v7">ARM</qnxTargetCPU>
    <!-- type is currently only import, will be extended in the future. -->
    <bsp type="import">
		<import>src/hardware/startup/boards/virt/build</import>
    </bsp>
</sourcePackage>
