<?xml version="1.0"?>
<module name="startup-virt">
  <classification>Driver</classification>
  <description>
    <short>Startup for virt reference board</short>
    <abstract><![CDATA[
                The startup-omap3530 program is responsible for the second stage initialization of the TI OMAP3530 reference board. This stage mainly involves populating the syspage, which is an in-memory data structure that contains information about the system, such as memory size and location, information about the CPU(s), caches, clocks and timers, and interrupt subsystem. At runtime, the information in the syspage is accessed and used by procnto, and by various processes.
		]]></abstract>
  </description>
  <supports>
    <availability>
      <cpu isa="arm">
        <byteOrder>le.v7</byteOrder>
      </cpu>
    </availability>
  </supports>
  <contents>
    <component id="virt" generated="true">
      <location basedir="arm/le.v7">startup-virt</location>
    </component>
    <component id="build" generated="true">
      <location basedir="./">build</location>
    </component>
  </contents>
  <requires>
    <part rootMacro="LIBSTARTUP_ROOT" build="true" location="hardware/startup/lib"/>
  </requires>
</module>
