<?xml version="1.0"?>
<module name="devc-serdebug">
  <classification>Driver</classification>
  <description>
    <short>BCM2835 serial debug unit driver</short>
    <abstract><![CDATA[
			The devc-serdebug is a serial debug unit driver for BCM2835 . 
	        ]]></abstract>
  </description>
  <supports>
    <availability>
      <cpu isa="arm">
        <byteOrder>le</byteOrder>
      </cpu>
    </availability>
  </supports>
  <contents>
    <component id="serdebug" generated="true">
      <location basedir="arm/le">devc-serdebug</location>
    </component>
  </contents>
  <requires>
    <part build="true" location="lib/io-char"/>
    <part build="false" location="hardware/devc"/>
  </requires>
</module>
